{
  "total_examples": 4093,
  "train_examples": 3479,
  "val_examples": 614,
  "epochs": 30,
  "best_epoch": 26,
  "best_f1": 0.9856819894498869,
  "final_val_metrics": {
    "precision": 0.9797145003756574,
    "recall": 0.9826676714393369,
    "f1_score": 0.981188863807374
  }
}